project_id,project_name,project_type,location,complexity,estimated_cost,actual_cost,avg_quantity_variance_pct,avg_unit_cost_variance_pct,max_line_variance_pct,cost_variance,variance_pct,anomaly_prediction,anomaly_score,anomaly_status
P0001,East Road Project 1,Warehouse Development,"Tonawanda, NY",Medium,9624841.31,10364153.89,3.634,3.834,24.03,739312.5800000001,7.681296305964757,1,0.1491615978152614,Normal
P0002,Central Industrial Project 2,Industrial Site,"Williamsville, NY",Low,5683384.2700000005,6358348.31,4.968666666666667,1.4053333333333333,27.22,674964.0399999991,11.876093678247786,1,0.07731364185872475,Normal
P0003,East Municipal Project 3,Industrial Site,"Amherst, NY",High,1365561.1,1473017.19,2.460666666666667,2.3160000000000003,19.34,107456.08999999985,7.86900637400991,1,0.1267978339402862,Normal
P0004,West Road Project 4,Warehouse Development,"Amherst, NY",Medium,1717622.36,1845386.04,3.651333333333333,2.9106666666666667,21.36,127763.67999999993,7.438403398521193,1,0.1533098185078446,Normal
P0005,North Road Project 5,Municipal Improvement,"Buffalo, NY",Low,4707281.38,5202279.54,6.864000000000001,4.331333333333333,42.77,494998.16000000015,10.515584687652561,1,0.1495619341075941,Normal
P0006,Central Warehouse Project 6,Municipal Improvement,"Amherst, NY",Low,9967683.89,10652464.66,6.378666666666667,1.2139999999999997,49.36,684780.7699999996,6.8700088963194395,1,0.07469339242307926,Normal
P0007,North Warehouse Project 7,Residential Development,"Lancaster, NY",Medium,6721806.54,7402113.99,7.959333333333333,3.3033333333333332,44.95,680307.4500000002,10.120901962168048,1,0.13892097661589792,Normal
P0008,North Industrial Project 8,Industrial Site,"Williamsville, NY",Medium,3333930.56,3604340.39,6.433999999999999,2.126666666666667,60.81,270409.8300000001,8.110841696714886,1,0.04203341074902478,Normal
P0009,North Warehouse Project 9,Road & Infrastructure,"Amherst, NY",Medium,3785218.6900000004,4250969.97,5.411333333333333,4.096666666666667,33.85,465751.27999999933,12.304474804334205,1,0.13348631775984887,Normal
P0010,Central Commercial Project 10,Residential Development,"Tonawanda, NY",High,6258706.35,6415080.74,3.964,2.4040000000000004,41.54,156374.3900000006,2.498509775906016,1,0.10761604066342301,Normal
P0011,North Municipal Project 11,Municipal Improvement,"Clarence, NY",Medium,1108337.91,1172005.12,2.348,3.64,18.21,63667.210000000196,5.744386204384202,1,0.11991448537868743,Normal
P0012,Central Industrial Project 12,Warehouse Development,"Hamburg, NY",Low,10925773.23,11654246.25,5.12,2.692,22.74,728473.0199999996,6.66747336472038,1,0.14685820859684362,Normal
P0013,West Industrial Project 13,Municipal Improvement,"Clarence, NY",Low,8301097.78,8730899.02,4.209333333333333,1.824,38.76,429801.2399999993,5.177643383933242,1,0.13661772310216497,Normal
P0014,Central Commercial Project 14,Warehouse Development,"Buffalo, NY",Low,4832106.38,5341518.21,6.841333333333334,3.374,38.79,509411.8300000001,10.542231274304024,1,0.1548929036961385,Normal
P0015,North Road Project 15,Residential Development,"Clarence, NY",Medium,1852777.44,2032975.76,3.529333333333333,3.6473333333333335,25.41,180198.32000000007,9.725848129929737,1,0.142770869526067,Normal
P0016,North Commercial Project 16,Industrial Site,"Williamsville, NY",Low,3199061.71,3694777.45,7.4959999999999996,1.7833333333333334,42.66,495715.7400000002,15.495660444762105,1,0.04925407508995372,Normal
P0017,North Warehouse Project 17,Municipal Improvement,"Buffalo, NY",Medium,892031.79,916909.28,2.5893333333333337,1.9133333333333333,46.09,24877.48999999999,2.7888568859188294,1,0.0776514365663658,Normal
P0018,West Municipal Project 18,Warehouse Development,"Williamsville, NY",Medium,11817745.14,12972073.42,6.330666666666667,2.538,30.99,1154328.2799999993,9.767754053968364,1,0.1453845852546129,Normal
P0019,South Road Project 19,Industrial Site,"Tonawanda, NY",High,14455939.66,15870003.84,5.957333333333334,4.758666666666667,19.88,1414064.1799999997,9.781890442672198,1,0.06679686002498086,Normal
P0020,Central Road Project 20,Road & Infrastructure,"Buffalo, NY",Low,6818007.34,7169188.93,4.964666666666667,0.8073333333333333,38.66,351181.58999999985,5.150795129534135,1,0.06729519577973564,Normal
P0021,East Warehouse Project 21,Warehouse Development,"Cheektowaga, NY",High,5914970.1899999995,6451866.71,3.4473333333333334,3.478666666666667,36.51,536896.5200000005,9.076909988619917,1,0.16444723882060308,Normal
P0022,East Road Project 22,Residential Development,"Lancaster, NY",Low,6251937.14,7184584.149999999,6.073333333333333,3.8513333333333337,46.14,932647.0099999998,14.9177285234189,1,0.1296347482597226,Normal
P0023,South Commercial Project 23,Road & Infrastructure,"Lancaster, NY",High,7280287.64,7772311.54,2.9213333333333336,2.436,40.92,492023.9000000004,6.7583030277084,1,0.1515012277764351,Normal
P0024,West Warehouse Project 24,Road & Infrastructure,"Williamsville, NY",Low,5740576.39,6424766.7299999995,5.757333333333333,5.139333333333334,34.48,684190.3399999999,11.91849552236339,1,0.10098612797256135,Normal
P0025,East Warehouse Project 25,Commercial Sitework,"Clarence, NY",Medium,2601251.15,2718069.34,3.755333333333333,1.3599999999999999,43.66,116818.18999999994,4.490846260654222,1,0.10333698056069335,Normal
P0026,Central Road Project 26,Municipal Improvement,"Hamburg, NY",Medium,10158163.93,10613865.31,2.228,0.8813333333333334,24.97,455701.3800000008,4.486060504046234,1,0.07656700833860819,Normal
P0027,East Road Project 27,Warehouse Development,"Hamburg, NY",Low,7414579.73,8232117.29,7.058000000000001,4.234,50.76,817537.5599999996,11.026080907757661,1,0.12840054209572727,Normal
P0028,South Municipal Project 28,Road & Infrastructure,"Cheektowaga, NY",Low,7213984.83,7703894.38,6.674,3.0253333333333337,45.63,489909.5499999998,6.791108680498844,1,0.14275797301658094,Normal
P0029,South Commercial Project 29,Commercial Sitework,"Buffalo, NY",Medium,7236977.74,7596579.42,1.2993333333333335,3.627333333333333,19.98,359601.6799999997,4.968948267070387,1,0.11520822007386744,Normal
P0030,South Commercial Project 30,Residential Development,"Cheektowaga, NY",Medium,8008431.82,8553990.36,1.5393333333333332,2.0986666666666665,19.63,545558.5399999991,6.812301737245721,1,0.12447751191905426,Normal
P0031,North Industrial Project 31,Industrial Site,"Cheektowaga, NY",Medium,1813264.6,1954949.1600000001,6.876,2.06,58.12,141684.56000000006,7.813782941551942,1,0.04653677908289855,Normal
P0032,East Road Project 32,Warehouse Development,"Clarence, NY",Medium,11264579.64,12556847.2,6.566666666666666,2.8006666666666664,42.44,1292267.5599999987,11.471955468371108,1,0.15012139317662848,Normal
P0033,Central Commercial Project 33,Road & Infrastructure,"Hamburg, NY",Medium,3987338.55,4158067.04,1.6513333333333335,2.753333333333333,23.66,170728.49000000022,4.28176559023312,1,0.13866589052391876,Normal
P0034,North Municipal Project 34,Municipal Improvement,"Buffalo, NY",Low,1574420.1,1693186.8,5.807333333333333,3.1633333333333336,31.32,118766.69999999995,7.543520309477753,1,0.1570058851564659,Normal
P0035,West Industrial Project 35,Commercial Sitework,"Tonawanda, NY",Low,2075822.55,2172789.2,1.3973333333333333,2.0513333333333335,15.05,96966.65000000014,4.671239841767791,1,0.09891137328413463,Normal
P0036,North Road Project 36,Road & Infrastructure,"Clarence, NY",Low,7811504.83,8078756.21,4.628666666666667,2.07,40.54,267251.3799999999,3.4212534692883225,1,0.11782226779704774,Normal
P0037,East Industrial Project 37,Municipal Improvement,"Cheektowaga, NY",High,13952639.26,15192989.620000001,3.5780000000000003,2.2,24.43,1240350.3600000013,8.889718546339033,1,0.14763380743876875,Normal
P0038,East Industrial Project 38,Road & Infrastructure,"Cheektowaga, NY",Medium,12605604.71,13355256.95,4.082,2.978,38.58,749652.2399999984,5.946975629065227,1,0.17109847916324095,Normal
P0039,South Commercial Project 39,Warehouse Development,"Tonawanda, NY",Medium,10838029.78,11341061.29,2.476666666666667,1.9166666666666667,24.47,503031.5099999998,4.641355672672822,1,0.14241170879719967,Normal
P0040,East Municipal Project 40,Warehouse Development,"Cheektowaga, NY",Medium,9786986.1,9996294.49,3.7706666666666666,1.566,26.2,209308.3900000006,2.1386399026356093,1,0.08916901376319863,Normal
P0041,Central Road Project 41,Warehouse Development,"Cheektowaga, NY",High,15215158.01,15439685.06,0.4033333333333333,0.2713333333333333,21.89,224527.05000000075,1.4756800412616993,-1,-0.04692469300685398,Anomaly
P0042,North Commercial Project 42,Residential Development,"Cheektowaga, NY",Low,2574128.38,2851831.4899999998,4.4206666666666665,3.3653333333333335,22.98,277703.10999999987,10.788238541544686,1,0.13228015977642732,Normal
P0043,West Road Project 43,Residential Development,"Lancaster, NY",Medium,11116889.24,13634507.350000001,8.943333333333333,4.163333333333333,40.62,2517618.1100000013,22.646785945669826,1,0.009938183644748078,Normal
P0044,South Municipal Project 44,Commercial Sitework,"Clarence, NY",Medium,9380639.290000001,10056809.68,4.389333333333334,2.7439999999999998,30.23,676170.3899999987,7.208148283889495,1,0.16427028146046346,Normal
P0045,North Municipal Project 45,Warehouse Development,"Amherst, NY",Medium,6637342.57,6948501.88,1.1146666666666667,3.155333333333333,27.71,311159.3099999996,4.688010400523889,1,0.13127655605003719,Normal
P0046,East Warehouse Project 46,Municipal Improvement,"Clarence, NY",Low,4430290.98,4972663.07,7.6946666666666665,5.467333333333333,43.66,542372.0899999999,12.24235817576027,1,0.08502402401692388,Normal
P0047,Central Commercial Project 47,Road & Infrastructure,"Tonawanda, NY",High,4414407.43,4494997.55,4.4673333333333325,0.412,43.6,80590.12000000011,1.8256158109085123,-1,-0.007733316013302738,Anomaly
P0048,East Commercial Project 48,Industrial Site,"Cheektowaga, NY",High,9785321.02,10681947.03,5.28,2.9859999999999998,42.94,896626.0099999998,9.162969801066371,1,0.17433266040315565,Normal
P0049,South Warehouse Project 49,Municipal Improvement,"Clarence, NY",Medium,1490457.68,1646571.99,7.785333333333333,3.2293333333333334,47.42,156114.31000000006,10.474253116666826,1,0.13111971554634844,Normal
P0050,South Commercial Project 50,Residential Development,"Lancaster, NY",Medium,1077928.59,1126255.58,3.378,1.814,23.34,48326.98999999999,4.483320179864603,1,0.1321887629652751,Normal
P0051,North Road Project 51,Residential Development,"Hamburg, NY",High,2520658.12,2747348.9299999997,4.116666666666666,2.996,45.95,226690.8099999996,8.993318379884045,1,0.15884332430159553,Normal
P0052,East Municipal Project 52,Municipal Improvement,"Tonawanda, NY",Medium,2903717.13,3089346.86,4.9446666666666665,3.2666666666666666,39.8,185629.72999999998,6.392831039984944,1,0.17630483585100226,Normal
P0053,South Warehouse Project 53,Residential Development,"Williamsville, NY",Low,5190927.05,5793576.42,6.537333333333334,3.737333333333333,41.71,602649.3700000001,11.609667487043573,1,0.15758767504135873,Normal
P0054,East Road Project 54,Warehouse Development,"Clarence, NY",Medium,2739860.79,3075986.31,8.306666666666667,4.054666666666667,48.97,336125.52,12.267978038402456,1,0.11921012117332391,Normal
P0055,South Industrial Project 55,Commercial Sitework,"Williamsville, NY",Medium,5893374.25,6317668.53,4.157333333333333,3.296666666666667,35.8,424294.28000000026,7.199513589349943,1,0.16989180143905452,Normal
P0056,Central Warehouse Project 56,Road & Infrastructure,"Cheektowaga, NY",Medium,8985735.59,9455465.95,1.5133333333333332,2.692,18.21,469730.3599999994,5.227511485233892,1,0.12946703947450255,Normal
P0057,Central Warehouse Project 57,Commercial Sitework,"Lancaster, NY",Medium,3515772.1,3761975.6300000004,4.252666666666666,3.536,38.76,246203.53000000026,7.002829620270331,1,0.16751140940362197,Normal
P0058,Central Road Project 58,Road & Infrastructure,"Lancaster, NY",High,2141178.28,2326558.51,6.6386666666666665,5.3453333333333335,71.03,185380.22999999998,8.657860568247498,-1,-0.05817882653855799,Anomaly
P0059,North Industrial Project 59,Road & Infrastructure,"Clarence, NY",High,8239050.91,9387578.82,3.542666666666667,3.2573333333333334,37.07,1148527.9100000001,13.940051136302545,1,0.10322882717374843,Normal
P0060,Central Road Project 60,Commercial Sitework,"Tonawanda, NY",Medium,903102.86,938970.57,4.784000000000001,2.9213333333333336,36.8,35867.70999999996,3.9716085053700265,1,0.1450602038169398,Normal
P0061,East Industrial Project 61,Municipal Improvement,"Tonawanda, NY",Low,6448959.2700000005,6788273.51,4.9526666666666666,2.396,43.76,339314.2399999993,5.261534858476463,1,0.1527266791071668,Normal
P0062,East Industrial Project 62,Road & Infrastructure,"Lancaster, NY",High,6552658.16,6912069.55,4.8340000000000005,3.6973333333333334,53.29,359411.38999999966,5.484970850364024,1,0.09834624514182772,Normal
P0063,East Road Project 63,Commercial Sitework,"Tonawanda, NY",High,11105925.58,12334917.2,5.606,3.3346666666666662,37.51,1228991.6199999992,11.066089099437304,1,0.16602470791236001,Normal
P0064,Central Commercial Project 64,Road & Infrastructure,"Lancaster, NY",Low,1002667.8200000001,1078763.29,4.9879999999999995,2.9040000000000004,41.38,76095.46999999997,7.589300113371541,1,0.17401000284263457,Normal
P0065,East Warehouse Project 65,Industrial Site,"Clarence, NY",High,5132499.66,5370619.47,5.155333333333333,1.6586666666666665,26.3,238119.8099999996,4.639451062330895,1,0.11922065320482755,Normal
P0066,North Municipal Project 66,Municipal Improvement,"Amherst, NY",High,1431958.88,1625490.75,8.140666666666666,3.3253333333333335,67.93,193531.8700000001,13.515183480687668,-1,-0.013967081384218871,Anomaly
P0067,East Commercial Project 67,Warehouse Development,"Lancaster, NY",Medium,3621856.3400000003,3812210.39,-0.504,3.5180000000000002,8.74,190354.0499999998,5.255704040431372,-1,-0.027141379179322356,Anomaly
P0068,Central Municipal Project 68,Road & Infrastructure,"Williamsville, NY",Medium,3133143.2,3332991.4,2.268666666666667,2.89,21.6,199848.19999999972,6.3785210966418555,1,0.14363775579982951,Normal
P0069,Central Commercial Project 69,Industrial Site,"Tonawanda, NY",Medium,14402228.09,15619940.209999999,5.124666666666667,4.033333333333333,50.23,1217712.1199999992,8.455025933421384,1,0.1437650189649865,Normal
P0070,Central Industrial Project 70,Warehouse Development,"Lancaster, NY",Low,8755547.35,9211472.16,4.612,2.305333333333333,19.33,455924.8100000005,5.2072679385372815,1,0.12013907051322481,Normal
P0071,West Municipal Project 71,Warehouse Development,"Lancaster, NY",Low,837971.9,932648.49,9.29,3.6933333333333334,53.4,94676.58999999997,11.298301291487215,1,0.06229455609279433,Normal
P0072,West Road Project 72,Road & Infrastructure,"Clarence, NY",High,6147731.75,6610102.54,5.490666666666667,4.704666666666667,37.06,462370.79000000004,7.52099813073334,1,0.1400011759507539,Normal
P0073,East Road Project 73,Commercial Sitework,"Tonawanda, NY",Low,11573934.41,11983501.75,2.1839999999999997,1.684,20.46,409567.33999999985,3.5387045190625015,1,0.1089529015966863,Normal
P0074,South Commercial Project 74,Road & Infrastructure,"Amherst, NY",Low,3461328.25,3778317.64,6.339333333333333,2.298,41.85,316989.39000000013,9.158027413320308,1,0.14757468407056196,Normal
P0075,East Industrial Project 75,Industrial Site,"Clarence, NY",Medium,7731588.85,9039849.88,7.887333333333333,6.291333333333333,45.41,1308261.0300000012,16.92098552291747,-1,-0.008975848437279499,Anomaly
P0076,South Municipal Project 76,Warehouse Development,"Amherst, NY",Medium,2285663.92,2463774.5300000003,1.5526666666666666,3.1893333333333334,42.04,178110.61000000034,7.792510895477597,1,0.11995425242279478,Normal
P0077,Central Industrial Project 77,Road & Infrastructure,"Hamburg, NY",High,1286437.29,1347523.96,2.568,3.2153333333333336,38.87,61086.669999999925,4.748515180246363,1,0.14199691565547806,Normal
P0078,West Industrial Project 78,Commercial Sitework,"Clarence, NY",Low,9397014.34,9855061.85,3.0906666666666665,2.610666666666667,31.78,458047.5099999998,4.874394072702881,1,0.1496179553815044,Normal
P0079,Central Road Project 79,Road & Infrastructure,"Tonawanda, NY",Low,2558859.8600000003,2739273.89,5.937333333333333,2.4286666666666665,35.66,180414.0299999998,7.050563136349318,1,0.14684907983503814,Normal
P0080,West Industrial Project 80,Municipal Improvement,"Buffalo, NY",Medium,11347716.23,12279253.99,4.215999999999999,4.680000000000001,47.39,931537.7599999998,8.20903291128562,1,0.12353866272997255,Normal
P0081,Central Municipal Project 81,Commercial Sitework,"Tonawanda, NY",Medium,4534930.58,4699641.95,3.1013333333333337,3.570666666666667,50.19,164711.3700000001,3.6320593467607196,1,0.07901083986005253,Normal
P0082,North Commercial Project 82,Industrial Site,"Tonawanda, NY",Low,8976719.02,9700891.61,3.302,3.5320000000000005,22.32,724172.5899999999,8.06723022505833,1,0.1442833543387872,Normal
P0083,North Industrial Project 83,Warehouse Development,"Amherst, NY",Medium,6442741.43,7390051.87,4.561999999999999,1.6626666666666665,41.11,947310.4400000004,14.70353032622016,1,0.05938500474173575,Normal
P0084,West Road Project 84,Road & Infrastructure,"Amherst, NY",Low,7677620.44,8357604.0600000005,7.382666666666666,3.027333333333333,26.94,679983.6200000001,8.856697531663862,1,0.10513969913063553,Normal
P0085,East Municipal Project 85,Commercial Sitework,"Tonawanda, NY",Low,2763267.27,2851510.44,2.364,1.4540000000000002,43.43,88243.16999999993,3.1934359357138815,1,0.08971202236162401,Normal
P0086,South Commercial Project 86,Municipal Improvement,"Tonawanda, NY",Medium,6357971.9799999995,6645668.88,3.176,2.572,25.1,287696.9000000004,4.52497904842922,1,0.1520092662305711,Normal
P0087,South Warehouse Project 87,Commercial Sitework,"Tonawanda, NY",Medium,7276937.35,8119890.77,6.553333333333333,4.663333333333333,39.88,842953.4199999999,11.583903769626378,1,0.14707517044761864,Normal
P0088,West Road Project 88,Residential Development,"Amherst, NY",High,6029672.26,6733827.55,5.421333333333333,2.3340000000000005,21.02,704155.29,11.678168557705325,1,0.0912407653671477,Normal
P0089,Central Warehouse Project 89,Municipal Improvement,"Tonawanda, NY",Medium,14836802.95,16572234.73,5.620666666666667,3.316,41.02,1735431.7800000012,11.696804128547122,1,0.16641702223673022,Normal
P0090,West Warehouse Project 90,Industrial Site,"Tonawanda, NY",Medium,1155956.7,1250759.8,4.224,3.2233333333333336,23.94,94803.1000000001,8.201267400413883,1,0.15840396867340273,Normal
P0091,South Warehouse Project 91,Warehouse Development,"Hamburg, NY",Medium,872755.8,901601.18,2.9926666666666666,1.76,45.32,28845.380000000005,3.305091756479877,1,0.09764912264082559,Normal
P0092,East Commercial Project 92,Industrial Site,"Cheektowaga, NY",Low,10781922.13,12614640.84,10.269333333333332,4.782666666666667,52.63,1832718.709999999,16.998070361689756,1,0.01016012316996806,Normal
P0093,West Commercial Project 93,Road & Infrastructure,"Buffalo, NY",Medium,5056374.21,6951181.09,15.081333333333333,7.372,49.99,1894806.88,37.4736283610623,-1,-0.24569698126675898,Anomaly
P0094,South Commercial Project 94,Commercial Sitework,"Williamsville, NY",Low,3349538.13,4027761.92,8.662666666666667,5.404,45.48,678223.79,20.24827793197864,1,0.020319546895993912,Normal
P0095,South Municipal Project 95,Residential Development,"Buffalo, NY",High,5162086.15,5508731.11,5.089333333333333,2.779333333333333,23.9,346644.95999999996,6.715210671174093,1,0.1539078508386874,Normal
P0096,South Industrial Project 96,Municipal Improvement,"Cheektowaga, NY",Low,949805.48,989379.02,1.134666666666667,1.5926666666666667,13.61,39573.54000000004,4.166488910971544,1,0.06689550195644067,Normal
P0097,Central Warehouse Project 97,Municipal Improvement,"Williamsville, NY",Medium,6006913.8,6212494.19,-0.6279999999999999,2.42,12.15,205580.3900000006,3.422396206184956,1,0.005632391231682243,Normal
P0098,West Municipal Project 98,Commercial Sitework,"Clarence, NY",Low,8721688.18,9816913.11,8.136666666666667,5.173333333333333,40.09,1095224.9299999997,12.557487809659342,1,0.09880509192550951,Normal
P0099,East Warehouse Project 99,Residential Development,"Tonawanda, NY",High,11479600.95,12192244.77,4.483333333333333,3.0506666666666664,21.53,712643.8200000003,6.207914570410223,1,0.14916719791878053,Normal
P0100,Central Warehouse Project 100,Commercial Sitework,"Cheektowaga, NY",Medium,7908003.56,8804872.52,3.05,3.4233333333333333,34.15,896868.96,11.341281692594483,1,0.12469833948983039,Normal
P0101,Central Municipal Project 101,Road & Infrastructure,"Hamburg, NY",Medium,10113578.68,11101350.75,5.882666666666666,2.6079999999999997,45.01,987772.0700000003,9.766790779542344,1,0.16215783564232022,Normal
P0102,North Municipal Project 102,Industrial Site,"Clarence, NY",Low,5219922.43,6043278.25,6.179333333333333,4.557333333333333,50.76,823355.8200000003,15.773334394166474,1,0.098261460662249,Normal
P0103,East Industrial Project 103,Municipal Improvement,"Tonawanda, NY",Medium,7799234.82,7821578.85,1.3646666666666667,2.8393333333333333,40.11,22344.02999999933,0.2864900277486366,1,0.031010765051057376,Normal
P0104,South Industrial Project 104,Road & Infrastructure,"Amherst, NY",Low,4972524.24,5595336.34,6.296,4.932666666666666,43.56,622812.0999999996,12.52506915883832,1,0.12719702320614334,Normal
P0105,South Road Project 105,Industrial Site,"Lancaster, NY",High,6773035.81,7040125.77,4.704666666666666,2.42,47.4,267089.95999999996,3.94343050136627,1,0.11102907915518218,Normal
P0106,West Commercial Project 106,Road & Infrastructure,"Cheektowaga, NY",Low,6862138.99,7662562.399999999,6.704666666666666,3.707333333333333,48.31,800423.4099999992,11.664342724133588,1,0.14740596369290432,Normal
P0107,East Road Project 107,Residential Development,"Amherst, NY",Low,1466215.38,1594448.76,5.727333333333333,3.219333333333333,28.02,128233.38000000012,8.74587606631163,1,0.15377072328731733,Normal
P0108,North Road Project 108,Municipal Improvement,"Cheektowaga, NY",Low,3443464.6799999997,3583122.85,2.405333333333333,2.0973333333333333,17.08,139658.1700000004,4.055745679958605,1,0.10964705692873256,Normal
P0109,Central Municipal Project 109,Commercial Sitework,"Hamburg, NY",Medium,11779615.89,13444284.17,8.780666666666667,4.3373333333333335,38.12,1664668.2799999993,14.131770471507277,1,0.09351785191128786,Normal
P0110,West Industrial Project 110,Commercial Sitework,"Cheektowaga, NY",Medium,4259318.35,4488533.96,3.1146666666666665,1.0599999999999998,34.75,229215.61000000034,5.381509226705263,1,0.0884665907943506,Normal
P0111,West Municipal Project 111,Industrial Site,"Amherst, NY",Low,6548878.52,7057557.66,3.7760000000000002,2.96,24.18,508679.1400000006,7.767423665693536,1,0.1590424787437552,Normal
P0112,East Municipal Project 112,Warehouse Development,"Hamburg, NY",Medium,9038221.12,9536463.18,1.6406666666666667,2.4133333333333336,15.28,498242.0600000005,5.512611977344504,1,0.10525019507171618,Normal
P0113,North Warehouse Project 113,Residential Development,"Williamsville, NY",Medium,11381515.45,12578830.48,5.815333333333333,4.947333333333334,37.47,1197315.0300000012,10.519820802949411,1,0.13008652503626716,Normal
P0114,West Road Project 114,Industrial Site,"Buffalo, NY",Medium,3628075.08,3907512.47,2.7159999999999997,1.3113333333333335,13.31,279437.39000000013,7.702083993256284,1,0.03690398114351512,Normal
P0115,Central Road Project 115,Warehouse Development,"Tonawanda, NY",Medium,3263985.81,3857545.54,11.853333333333333,3.288,47.78,593559.73,18.185119806020232,-1,-0.043653319090161236,Anomaly
P0116,East Warehouse Project 116,Road & Infrastructure,"Cheektowaga, NY",Medium,11917960.370000001,13311111.32,4.7860000000000005,2.5266666666666664,47.25,1393150.9499999993,11.689508160363173,1,0.13463857422280723,Normal
P0117,East Commercial Project 117,Residential Development,"Tonawanda, NY",Medium,5787562.13,6286986.57,7.6,4.832,43.87,499424.4400000004,8.629271337083692,1,0.10984797517469352,Normal
P0118,Central Municipal Project 118,Road & Infrastructure,"Lancaster, NY",Low,4524219.9399999995,4941215.48,3.6719999999999997,3.8006666666666664,40.7,416995.54000000097,9.216959951774605,1,0.16028584296526477,Normal
P0119,East Commercial Project 119,Municipal Improvement,"Amherst, NY",Low,1038387.15,1092058.75,1.43,0.28666666666666674,18.76,53671.59999999998,5.168746550840886,1,0.029371223980635963,Normal
P0120,South Warehouse Project 120,Residential Development,"Tonawanda, NY",High,10348526.04,11277622.18,4.508666666666667,4.1113333333333335,37.25,929096.1400000006,8.978052878340156,1,0.15951073420689266,Normal
P0121,South Road Project 121,Warehouse Development,"Amherst, NY",High,9086277.129999999,10528835.59,9.33,3.0386666666666664,35.24,1442558.460000001,15.876232249588023,1,0.04121443612429032,Normal
P0122,East Commercial Project 122,Municipal Improvement,"Tonawanda, NY",Medium,1267780.55,1438032.02,9.366666666666667,3.9806666666666666,60.43,170251.46999999997,13.429096226472314,-1,-7.445712885734146e-05,Anomaly
P0123,North Warehouse Project 123,Commercial Sitework,"Buffalo, NY",Low,9249464.08,9877568.15,4.8100000000000005,2.408,20.35,628104.0700000003,6.790707705521467,1,0.13650825697726232,Normal
P0124,South Warehouse Project 124,Warehouse Development,"Buffalo, NY",Medium,4248116.81,4449505.59,4.534666666666666,1.7373333333333334,32.1,201388.78000000026,4.74066013264829,1,0.12686704918507086,Normal
P0125,East Warehouse Project 125,Industrial Site,"Hamburg, NY",Medium,4808892.04,5512522.62,5.262666666666666,4.418,54.32,703630.5800000001,14.631864765256825,1,0.06439433157620317,Normal
P0126,North Commercial Project 126,Commercial Sitework,"Buffalo, NY",Low,789719.08,830488.91,4.494,3.9979999999999998,43.81,40769.830000000075,5.162573759772916,1,0.1418669780326957,Normal
P0127,Central Road Project 127,Commercial Sitework,"Hamburg, NY",Low,10491209.95,11286146.15,3.606,4.512666666666666,40.44,794936.2000000011,7.577164157314392,1,0.13763919385646317,Normal
P0128,East Industrial Project 128,Industrial Site,"Buffalo, NY",Medium,3826542.79,4352735.75,8.547333333333334,2.6620000000000004,42.05,526192.96,13.751132258996638,1,0.09273155321290677,Normal
P0129,West Municipal Project 129,Residential Development,"Buffalo, NY",Medium,5479228.72,5846640.06,4.67,2.818,36.54,367411.33999999985,6.705530263025776,1,0.1717819520856751,Normal
P0130,Central Warehouse Project 130,Commercial Sitework,"Buffalo, NY",Low,3465798.27,3722971.91,3.924666666666667,3.824666666666667,26.58,257173.64000000013,7.420329169937526,1,0.1552407548373162,Normal
P0131,Central Warehouse Project 131,Warehouse Development,"Amherst, NY",Low,6137821.34,6497855.33,3.996,2.048,16.76,360033.9900000002,5.865827140546913,1,0.10789494028134211,Normal
P0132,South Municipal Project 132,Municipal Improvement,"Cheektowaga, NY",Low,8200235.51,9076954.49,6.493333333333334,3.0439999999999996,47.46,876718.9800000004,10.691387813567815,1,0.1508090748794656,Normal
P0133,West Commercial Project 133,Commercial Sitework,"Hamburg, NY",Medium,7385498.149999999,8225043.43,4.905333333333333,3.944666666666667,23.93,839545.2800000003,11.367483451336323,1,0.1203262565412152,Normal
P0134,North Warehouse Project 134,Warehouse Development,"Tonawanda, NY",Low,8489221.35,9262230.16,4.9093333333333335,2.8366666666666664,38.73,773008.8100000005,9.105768104397473,1,0.17753344488132689,Normal
P0135,West Warehouse Project 135,Road & Infrastructure,"Buffalo, NY",Low,5788363.88,6193949.31,5.255333333333334,1.2913333333333334,16.79,405585.4299999997,7.006909696907301,1,0.05924926590150542,Normal
P0136,North Commercial Project 136,Warehouse Development,"Amherst, NY",Medium,2106970.92,2192511.14,3.881333333333333,-0.21200000000000005,26.16,85540.2200000002,4.059867138555486,-1,-0.010056414963660942,Anomaly
P0137,West Road Project 137,Municipal Improvement,"Amherst, NY",Low,9301944.85,10357411.73,8.458,4.680000000000001,40.6,1055466.8800000008,11.346733366194929,1,0.12161461391801709,Normal
P0138,Central Industrial Project 138,Warehouse Development,"Amherst, NY",Medium,2682675.22,2834156.85,1.6906666666666665,1.9406666666666668,25.49,151481.6299999999,5.646663035117604,1,0.13316799786896166,Normal
P0139,East Road Project 139,Industrial Site,"Hamburg, NY",Low,854964.02,855463.1799999999,-0.4926666666666666,1.3713333333333333,6.24,499.1599999999162,0.058383743446878175,-1,-0.0950240947023977,Anomaly
P0140,North Road Project 140,Municipal Improvement,"Cheektowaga, NY",Low,5312974.31,5558021.17,3.024,1.398,21.99,245046.86000000034,4.612234987449061,1,0.11788817536091528,Normal
P0141,South Industrial Project 141,Residential Development,"Hamburg, NY",Low,5028694.82,5865824.42,7.956666666666667,2.585333333333333,46.13,837129.5999999996,16.647055149789335,1,0.06917339390218602,Normal
P0142,East Road Project 142,Road & Infrastructure,"Tonawanda, NY",Medium,11384087.59,12339252.5,4.612,2.1546666666666665,19.17,955164.9100000001,8.39035102680548,1,0.11948581428945876,Normal
P0143,North Commercial Project 143,Industrial Site,"Cheektowaga, NY",High,3540227.53,3797621.43,3.6266666666666665,3.3153333333333337,30.61,257393.90000000037,7.270546817085521,1,0.16654029798225245,Normal
P0144,West Commercial Project 144,Residential Development,"Williamsville, NY",High,9470155.09,10177686.18,8.232000000000001,3.7773333333333334,39.44,707531.0899999999,7.471166873994667,1,0.10356598401319256,Normal
P0145,East Municipal Project 145,Warehouse Development,"Clarence, NY",Medium,4030757.25,4728316.53,7.083333333333333,4.226,50.78,697559.2800000003,17.30591143884937,1,0.08257090929084049,Normal
P0146,North Commercial Project 146,Municipal Improvement,"Amherst, NY",Medium,2624733.67,2974514.88,8.442666666666666,5.031333333333333,46.24,349781.20999999996,13.326350555026027,1,0.10378142860628509,Normal
P0147,West Commercial Project 147,Road & Infrastructure,"Hamburg, NY",Low,1465397.3599999999,1715921.0999999999,6.979333333333333,1.5253333333333334,50.72,250523.74,17.095959555980095,1,0.006584832723435907,Normal
P0148,West Warehouse Project 148,Industrial Site,"Williamsville, NY",Low,6110232.82,6686363.8100000005,5.513333333333334,4.05,34.7,576130.9900000002,9.428953150757359,1,0.15759197030049027,Normal
P0149,North Industrial Project 149,Residential Development,"Lancaster, NY",High,3104489.71,3200566.71,2.4733333333333336,2.0133333333333336,16.72,96077.0,3.094775920516741,1,0.09237984807625682,Normal
P0150,South Warehouse Project 150,Residential Development,"Hamburg, NY",Low,4145490.77,4495079.37,4.769333333333333,2.436,28.56,349588.6000000001,8.432984642732665,1,0.15945312801494288,Normal
P0151,North Industrial Project 151,Road & Infrastructure,"Buffalo, NY",Low,698038.79,741196.16,1.9660000000000002,1.3426666666666665,20.13,43157.369999999995,6.182660708583257,1,0.10914555996836223,Normal
P0152,North Commercial Project 152,Warehouse Development,"Clarence, NY",Low,897143.0,996378.54,5.276666666666666,4.327333333333333,49.74,99235.54000000004,11.061284544381445,1,0.14171797063681985,Normal
P0153,North Road Project 153,Road & Infrastructure,"Buffalo, NY",Low,5888272.04,6209901.07,5.024666666666667,3.591333333333333,30.4,321629.03000000026,5.462197191555033,1,0.15199730262329042,Normal
P0154,North Road Project 154,Residential Development,"Cheektowaga, NY",Low,3776747.17,4154486.73,4.151333333333333,3.174,21.81,377739.56000000006,10.001716900737097,1,0.13685490210695356,Normal
P0155,West Industrial Project 155,Commercial Sitework,"Clarence, NY",Medium,3979666.2800000003,4198573.84,1.284,2.6746666666666665,23.89,218907.5599999996,5.500651175203554,1,0.13900607066556514,Normal
P0156,South Industrial Project 156,Industrial Site,"Hamburg, NY",Medium,7659395.13,8142548.11,3.564,1.9853333333333334,25.18,483152.98000000045,6.307978264596992,1,0.15212638650589033,Normal
P0157,South Industrial Project 157,Road & Infrastructure,"Tonawanda, NY",High,4778501.88,5118560.68,3.916,2.1813333333333333,40.25,340058.7999999998,7.116431227604745,1,0.15410904887270266,Normal
P0158,South Industrial Project 158,Residential Development,"Williamsville, NY",High,2988838.62,3071722.09,1.214,1.6786666666666668,27.2,82883.46999999974,2.7730995392451043,1,0.08803332766691219,Normal
P0159,West Commercial Project 159,Warehouse Development,"Tonawanda, NY",Low,3948672.88,4138889.96,0.3360000000000001,3.2953333333333332,28.03,190217.08000000007,4.817240773816647,1,0.10174986708881345,Normal
P0160,East Road Project 160,Residential Development,"Hamburg, NY",Low,3703122.22,3721112.31,1.9053333333333333,0.9039999999999999,13.56,17990.08999999985,0.48580870225773565,-1,-0.028393928695448323,Anomaly
P0161,East Municipal Project 161,Warehouse Development,"Cheektowaga, NY",Medium,9026631.99,9308547.92,0.7680000000000002,2.929333333333333,28.76,281915.9299999997,3.123157455763295,1,0.09658629153151982,Normal
P0162,North Commercial Project 162,Road & Infrastructure,"Buffalo, NY",Medium,11064243.37,11561493.62,4.983999999999999,2.8406666666666665,38.74,497250.25,4.494209259245533,1,0.15893942066681732,Normal
P0163,North Industrial Project 163,Warehouse Development,"Clarence, NY",Low,8479924.22,9068220.03,3.7666666666666666,2.5246666666666666,28.68,588295.8099999987,6.937512585460329,1,0.1632802540233032,Normal
P0164,West Industrial Project 164,Municipal Improvement,"Tonawanda, NY",Medium,3429406.69,3741997.87,1.7106666666666663,4.847333333333334,25.81,312591.18000000017,9.11502216728924,1,0.05584172704018586,Normal
P0165,West Warehouse Project 165,Municipal Improvement,"Hamburg, NY",Medium,9084847.77,9422167.24,3.1659999999999995,1.4653333333333334,37.52,337319.47000000067,3.712989788490432,1,0.10988452365220708,Normal
P0166,East Municipal Project 166,Municipal Improvement,"Tonawanda, NY",Medium,1144669.4,1177676.68,3.4726666666666666,2.432666666666667,28.23,33007.28000000003,2.88356445974707,1,0.11973393807955995,Normal
P0167,West Warehouse Project 167,Commercial Sitework,"Hamburg, NY",Medium,1669638.74,1848491.8599999999,4.333333333333333,3.243333333333333,46.42,178853.11999999988,10.712084938805377,1,0.14704138614896878,Normal
P0168,South Industrial Project 168,Road & Infrastructure,"Buffalo, NY",Low,11216300.16,11784442.05,4.517333333333334,-0.05,19.5,568141.8900000006,5.0653235193021136,-1,-0.0025764843083803113,Anomaly
P0169,East Commercial Project 169,Residential Development,"Clarence, NY",High,4662245.02,4893921.89,3.67,4.465333333333334,34.35,231676.8700000001,4.969212664846176,1,0.1143722867360063,Normal
P0170,West Industrial Project 170,Residential Development,"Williamsville, NY",Medium,9247691.43,9568696.42,-0.09133333333333334,3.7773333333333334,20.73,321004.9900000002,3.4711905390640854,1,0.0354363718845816,Normal
P0171,East Industrial Project 171,Commercial Sitework,"Buffalo, NY",Low,3493530.8000000003,3885076.54,8.001333333333333,5.809333333333333,39.98,391545.73999999976,11.207736883270064,1,0.046717721461070116,Normal
P0172,West Warehouse Project 172,Warehouse Development,"Tonawanda, NY",High,4018215.31,4193049.87,2.388,2.5693333333333332,14.34,174834.56000000006,4.351050068543989,1,0.09833432129707481,Normal
P0173,Central Commercial Project 173,Commercial Sitework,"Williamsville, NY",Medium,4906688.71,5129788.98,5.618666666666667,3.0900000000000003,37.04,223100.27000000048,4.546860075824954,1,0.14463187106067094,Normal
P0174,Central Municipal Project 174,Warehouse Development,"Hamburg, NY",High,9926095.37,10504938.74,2.9346666666666663,3.6,29.44,578843.370000001,5.831531417171957,1,0.15299780857028522,Normal
P0175,South Municipal Project 175,Warehouse Development,"Williamsville, NY",Medium,10527465.69,10991050.5,2.454,1.6266666666666667,40.52,463584.8100000005,4.403574646083701,1,0.11562513121860607,Normal
P0176,West Road Project 176,Industrial Site,"Hamburg, NY",Medium,2298592.51,2429088.08,2.5406666666666666,2.6839999999999997,39.42,130495.5700000003,5.677194606363714,1,0.15382514248769735,Normal
P0177,Central Road Project 177,Residential Development,"Buffalo, NY",Low,2454135.5,2709159.07,3.5993333333333335,4.003333333333333,23.23,255023.56999999983,10.39158473523568,1,0.12125021959157056,Normal
P0178,East Warehouse Project 178,Municipal Improvement,"Tonawanda, NY",Low,11809287.81,13198172.18,7.067333333333334,5.267333333333334,38.22,1388884.3699999992,11.760949452209168,1,0.10668904594749035,Normal
P0179,South Industrial Project 179,Warehouse Development,"Cheektowaga, NY",Medium,9077253.24,9542387.84,4.4766666666666675,3.618666666666667,22.8,465134.5999999996,5.124177850964083,1,0.13138298448594854,Normal
P0180,East Road Project 180,Industrial Site,"Tonawanda, NY",Medium,6686909.05,7344360.29,2.892,5.2266666666666675,42.17,657451.2400000002,9.831915389966314,1,0.07277506852292093,Normal
P0181,North Municipal Project 181,Residential Development,"Hamburg, NY",Low,4168104.3,4935472.55,8.502666666666666,5.198666666666667,47.54,767368.25,18.410485793265778,1,0.05513752092574431,Normal
P0182,East Warehouse Project 182,Municipal Improvement,"Amherst, NY",Low,780458.36,846639.32,5.792,3.451333333333333,46.35,66180.95999999996,8.479755409372508,1,0.1638545513903078,Normal
P0183,South Municipal Project 183,Warehouse Development,"Clarence, NY",High,7263423.05,7855009.34,3.579333333333333,1.9026666666666665,20.63,591586.29,8.144731291673835,1,0.12883052074931445,Normal
P0184,East Road Project 184,Warehouse Development,"Lancaster, NY",High,16765051.92,17324242.3,1.1,1.928,13.54,559190.3800000008,3.3354527183593765,1,0.07140279516872788,Normal
P0185,Central Commercial Project 185,Commercial Sitework,"Cheektowaga, NY",Medium,2216261.39,2463475.0500000003,7.499333333333334,4.607333333333333,33.34,247213.66000000015,11.154535341158478,1,0.10436343854799579,Normal
P0186,West Commercial Project 186,Commercial Sitework,"Williamsville, NY",Low,5526652.16,5864896.8,4.881333333333333,3.0673333333333335,34.38,338244.63999999966,6.12024477400799,1,0.16517122710391574,Normal
P0187,Central Industrial Project 187,Residential Development,"Cheektowaga, NY",Low,8998205.85,9623635.09,5.541333333333333,3.6213333333333333,41.4,625429.2400000002,6.950599379764137,1,0.16532475299777577,Normal
P0188,Central Warehouse Project 188,Municipal Improvement,"Clarence, NY",Low,7737508.49,8421195.09,5.324,3.4393333333333334,49.05,683686.5999999996,8.836004521140106,1,0.1563979448691154,Normal
P0189,Central Warehouse Project 189,Warehouse Development,"Williamsville, NY",High,5145451.09,5584102.3100000005,1.7206666666666668,2.554666666666667,44.45,438651.22000000067,8.525029435271547,1,0.12090775300617101,Normal
P0190,West Warehouse Project 190,Residential Development,"Clarence, NY",Low,5870753.76,6221742.9,5.358,2.9306666666666663,48.78,350989.1400000006,5.978604355567462,1,0.14044144136692088,Normal
P0191,West Warehouse Project 191,Residential Development,"Williamsville, NY",Medium,7762469.14,8074969.3100000005,1.4440000000000002,2.8273333333333333,22.96,312500.17000000086,4.025783089940901,1,0.1306555057775058,Normal
P0192,South Commercial Project 192,Road & Infrastructure,"Cheektowaga, NY",Low,5232753.76,5466797.88,5.541333333333333,2.5346666666666664,43.77,234044.1200000001,4.47267597013776,1,0.13626220263313998,Normal
P0193,East Commercial Project 193,Commercial Sitework,"Williamsville, NY",Medium,13056916.78,14388417.549999999,4.444,3.4626666666666663,22.97,1331500.7699999996,10.197666052674341,1,0.14065121971275596,Normal
P0194,West Industrial Project 194,Municipal Improvement,"Williamsville, NY",Medium,10355347.57,11031340.89,3.996666666666667,1.894,25.79,675993.3200000003,6.527963599777078,1,0.14640592757786675,Normal
P0195,Central Industrial Project 195,Warehouse Development,"Amherst, NY",High,969916.43,1054756.6,5.23,2.1439999999999997,20.61,84840.17000000004,8.747162887012857,1,0.11518626561378392,Normal
P0196,West Industrial Project 196,Residential Development,"Tonawanda, NY",Low,636658.47,692581.13,4.759333333333333,5.191999999999999,49.95,55922.66000000003,8.783776959725365,1,0.09977439704278868,Normal
P0197,South Warehouse Project 197,Warehouse Development,"Tonawanda, NY",Low,10209436.75,10705397.26,5.524666666666667,1.2646666666666668,42.1,495960.5099999998,4.857863583904369,1,0.08712820077881167,Normal
P0198,South Municipal Project 198,Road & Infrastructure,"Lancaster, NY",Low,7010332.94,7518542.21,6.005333333333334,3.469333333333333,30.19,508209.26999999955,7.249431294485702,1,0.1500258777036685,Normal
P0199,East Industrial Project 199,Municipal Improvement,"Lancaster, NY",High,10382184.39,11774376.27,10.214666666666666,4.303333333333333,44.78,1392191.879999999,13.409431269020248,1,0.07654452643500659,Normal
P0200,Central Warehouse Project 200,Residential Development,"Hamburg, NY",High,2786336.61,3076808.1599999997,5.174666666666667,2.686,44.17,290471.5499999998,10.42485494959634,1,0.15986568000853785,Normal
P0201,East Road Project 201,Warehouse Development,"Hamburg, NY",Medium,1217101.72,1360698.9,5.478666666666667,2.448,41.11,143597.17999999993,11.798289135603222,1,0.15353842618157654,Normal
P0202,South Road Project 202,Commercial Sitework,"Hamburg, NY",Medium,9711608.63,11643213.58,7.260666666666666,3.966666666666667,41.35,1931604.9499999993,19.889649836517343,1,0.05064407126355164,Normal
P0203,North Municipal Project 203,Road & Infrastructure,"Amherst, NY",Medium,6756170.3100000005,7174275.05,3.523333333333333,3.0573333333333332,29.74,418104.7399999993,6.188487276307267,1,0.16586757975911787,Normal
P0204,South Warehouse Project 204,Municipal Improvement,"Lancaster, NY",Low,2702544.85,3023095.12,4.807333333333333,3.5,33.43,320550.27,11.861052740715849,1,0.14764286829069861,Normal
P0205,South Warehouse Project 205,Road & Infrastructure,"Clarence, NY",High,5535320.96,6148903.71,8.584666666666667,4.028666666666667,26.84,613582.75,11.084863089854142,1,0.06658071137566013,Normal
P0206,South Road Project 206,Commercial Sitework,"Hamburg, NY",Medium,12962593.54,13570486.27,3.875333333333333,2.15,25.85,607892.7300000004,4.689591848453504,1,0.14940975623394065,Normal
P0207,Central Road Project 207,Municipal Improvement,"Hamburg, NY",Medium,2218158.33,2449213.82,4.498666666666667,4.712666666666666,36.96,231055.48999999976,10.416546324716133,1,0.13718473801985986,Normal
P0208,North Warehouse Project 208,Road & Infrastructure,"Cheektowaga, NY",Medium,6075194.81,6552032.05,5.351333333333334,3.374,31.16,476837.2400000002,7.848920979704357,1,0.16463079184217205,Normal
P0209,Central Commercial Project 209,Industrial Site,"Buffalo, NY",Low,6791747.029999999,7493668.87,4.798666666666667,3.472666666666667,44.14,701921.8400000008,10.334923207527074,1,0.16435424548646893,Normal
P0210,West Industrial Project 210,Commercial Sitework,"Clarence, NY",Low,2202497.51,2362173.81,0.8146666666666669,2.3400000000000003,19.43,159676.30000000028,7.249783451514563,1,0.09975631124785606,Normal
P0211,North Municipal Project 211,Commercial Sitework,"Hamburg, NY",Medium,10594421.81,11331773.41,6.653333333333334,2.42,43.82,737351.5999999996,6.959809730286731,1,0.13960157483019797,Normal
P0212,North Commercial Project 212,Commercial Sitework,"Hamburg, NY",Low,9202768.81,9781071.67,4.652666666666667,2.3746666666666667,39.61,578302.8599999994,6.284009431722313,1,0.1625982797424071,Normal
P0213,West Industrial Project 213,Industrial Site,"Hamburg, NY",Medium,1573165.62,1687944.05,4.858666666666667,3.9859999999999998,42.28,114778.42999999993,7.296016931770981,1,0.16314613215984736,Normal
P0214,East Road Project 214,Industrial Site,"Buffalo, NY",Low,2980044.14,3212434.13,6.0,4.027333333333333,41.6,232389.98999999976,7.798206304420704,1,0.15677975822515577,Normal
P0215,Central Commercial Project 215,Warehouse Development,"Buffalo, NY",Medium,2833521.16,3005481.27,4.299333333333334,2.8653333333333335,31.06,171960.10999999987,6.068778042935097,1,0.1669431983944068,Normal
P0216,West Warehouse Project 216,Residential Development,"Amherst, NY",Low,3150405.9699999997,3514458.43,6.89,2.7159999999999997,46.09,364052.4600000004,11.555731657021981,1,0.14157643927025476,Normal
P0217,Central Municipal Project 217,Road & Infrastructure,"Clarence, NY",Medium,4265693.4,4606745.58,3.978666666666667,3.3506666666666667,36.44,341052.1799999997,7.995234256639253,1,0.1699684541964418,Normal
P0218,South Municipal Project 218,Warehouse Development,"Amherst, NY",Medium,2581494.37,2995722.29,8.512666666666666,6.074666666666667,50.17,414227.9199999999,16.046051651857756,1,3.9187962556086475e-06,Normal
P0219,South Road Project 219,Road & Infrastructure,"Williamsville, NY",Low,10782918.53,11569241.26,4.326,1.3900000000000001,39.43,786322.7300000004,7.292299647932149,1,0.1258523941211368,Normal
P0220,South Warehouse Project 220,Residential Development,"Buffalo, NY",Medium,6895716.100000001,7227161.2,3.046,4.216666666666667,38.04,331445.0999999996,4.80653633637846,1,0.12051036834250978,Normal
P0221,North Commercial Project 221,Industrial Site,"Cheektowaga, NY",Medium,10046711.299999999,10192256.44,2.925333333333333,2.296666666666667,23.14,145545.1400000006,1.4486844068068385,1,0.06901031792827611,Normal
P0222,Central Warehouse Project 222,Residential Development,"Lancaster, NY",Medium,6032741.54,6555471.5600000005,6.468000000000001,5.145333333333334,41.81,522730.0200000005,8.664883395617847,1,0.1128226979301582,Normal
P0223,East Warehouse Project 223,Industrial Site,"Cheektowaga, NY",High,3733435.8000000003,4240372.64,8.552,3.2933333333333334,48.41,506936.8399999994,13.578292681502635,1,0.10540393775962303,Normal
P0224,North Commercial Project 224,Residential Development,"Lancaster, NY",Medium,5771503.74,5875003.2700000005,2.132,2.5073333333333334,25.21,103499.53000000026,1.7932853319090156,1,0.08815148321588695,Normal
P0225,West Warehouse Project 225,Warehouse Development,"Buffalo, NY",Low,2175212.61,2383909.2399999998,6.756,3.6933333333333334,31.26,208696.6299999999,9.594309496026684,1,0.14091862927702808,Normal
P0226,North Municipal Project 226,Municipal Improvement,"Buffalo, NY",Low,5139785.21,5710629.1899999995,3.6700000000000004,2.4186666666666667,49.42,570843.9799999995,11.10637812041954,1,0.09981041578658911,Normal
P0227,Central Road Project 227,Warehouse Development,"Buffalo, NY",Low,9931772.32,10528551.83,2.2706666666666666,3.932666666666667,28.08,596779.5099999998,6.008791691672608,1,0.12818202015164848,Normal
P0228,West Road Project 228,Road & Infrastructure,"Amherst, NY",Medium,10347717.94,11134378.7,4.930666666666666,2.9153333333333333,44.07,786660.7599999998,7.602263267721035,1,0.17207285827728758,Normal
P0229,North Commercial Project 229,Warehouse Development,"Clarence, NY",Low,5877548.99,6184267.88,3.8513333333333337,2.646666666666667,36.29,306718.88999999966,5.218482917315499,1,0.15616754070018768,Normal
P0230,West Warehouse Project 230,Commercial Sitework,"Lancaster, NY",Medium,4331777.08,4759895.57,3.6853333333333333,2.772666666666667,16.15,428118.4900000002,9.88320687083926,1,0.0929055605910371,Normal
P0231,West Municipal Project 231,Road & Infrastructure,"Clarence, NY",Medium,2753837.79,2923571.36,3.9593333333333334,4.446666666666667,43.24,169733.56999999983,6.163528244704632,1,0.12697184904371644,Normal
P0232,Central Warehouse Project 232,Residential Development,"Amherst, NY",Low,1588953.46,1738821.6300000001,6.728666666666666,2.998,36.55,149868.17000000016,9.431879143898914,1,0.15831737511619848,Normal
P0233,South Industrial Project 233,Road & Infrastructure,"Amherst, NY",Medium,3863327.55,4231737.92,6.470666666666667,3.9046666666666665,40.93,368410.3700000001,9.536089426328868,1,0.16307354060837703,Normal
P0234,North Road Project 234,Municipal Improvement,"Tonawanda, NY",Low,3880782.62,4032593.8,1.8559999999999997,1.8553333333333333,19.58,151811.1799999997,3.911870229927996,1,0.1141271899766792,Normal
P0235,West Industrial Project 235,Industrial Site,"Cheektowaga, NY",Low,5173873.05,5462164.85,4.1659999999999995,2.7613333333333334,32.52,288291.7999999998,5.5720694577150445,1,0.16158091376816192,Normal
P0236,Central Commercial Project 236,Residential Development,"Cheektowaga, NY",Medium,7498886.7,8223653.57,7.196,3.7179999999999995,50.2,724766.8700000001,9.664992938218417,1,0.12924186738290278,Normal
P0237,East Road Project 237,Road & Infrastructure,"Williamsville, NY",Medium,2011590.55,2319989.42,8.781333333333333,4.26,46.09,308398.8699999999,15.331095585033438,1,0.09928163213643126,Normal
P0238,Central Municipal Project 238,Residential Development,"Hamburg, NY",Medium,5868257.6,6829048.87,8.317333333333334,3.1746666666666665,49.58,960791.2700000005,16.372683946253495,1,0.08217715771606077,Normal
P0239,Central Commercial Project 239,Residential Development,"Amherst, NY",Medium,11433873.91,12128138.379999999,6.3933333333333335,1.0826666666666667,38.81,694264.4699999988,6.071996905552711,1,0.07470963151928811,Normal
P0240,North Municipal Project 240,Residential Development,"Lancaster, NY",Low,870656.9500000001,892084.39,1.7593333333333334,2.9886666666666666,42.14,21427.439999999944,2.461065750408349,1,0.09243852128623897,Normal
P0241,West Industrial Project 241,Industrial Site,"Tonawanda, NY",High,6635800.04,6992253.19,3.849333333333333,2.816666666666667,27.0,356453.1500000004,5.371668040798896,1,0.16099347594796853,Normal
P0242,West Road Project 242,Warehouse Development,"Tonawanda, NY",Medium,12272187.18,12780914.39,3.124,1.6039999999999999,21.92,508727.2100000009,4.145367101547101,1,0.12130702293812595,Normal
P0243,South Municipal Project 243,Residential Development,"Hamburg, NY",Medium,7048582.0,7636711.61,4.621333333333333,3.4153333333333338,16.15,588129.6100000003,8.343942228380124,1,0.09363793687768907,Normal
P0244,East Industrial Project 244,Commercial Sitework,"Clarence, NY",Low,11104979.15,12156803.84,5.066666666666666,3.414,44.27,1051824.6899999995,9.47164939071497,1,0.17441491227029948,Normal
P0245,North Industrial Project 245,Municipal Improvement,"Hamburg, NY",Medium,11786803.36,13857379.67,6.9206666666666665,4.35,48.87,2070576.3100000005,17.566902974107144,1,0.08537785865700914,Normal
P0246,Central Commercial Project 246,Industrial Site,"Hamburg, NY",Medium,7325453.2,7802933.42,3.564,2.977333333333333,37.01,477480.21999999974,6.518098020201668,1,0.1705734426889533,Normal
P0247,East Industrial Project 247,Road & Infrastructure,"Hamburg, NY",Low,6977187.45,7432799.18,5.866,3.3546666666666667,39.05,455611.7299999995,6.5300199151163625,1,0.16413112062853158,Normal
P0248,West Warehouse Project 248,Industrial Site,"Cheektowaga, NY",High,2225697.99,2410148.8000000003,1.4493333333333331,4.563999999999999,20.37,184450.81000000006,8.287324283381324,1,0.07166738804065881,Normal
P0249,Central Warehouse Project 249,Road & Infrastructure,"Amherst, NY",Low,8055604.72,8982369.41,7.901333333333333,3.2233333333333336,37.95,926764.6900000004,11.504594902715143,1,0.1280896960594919,Normal
P0250,South Industrial Project 250,Industrial Site,"Williamsville, NY",High,10671813.46,11917510.69,3.7379999999999995,1.7913333333333332,23.91,1245697.2299999986,11.672779276634754,1,0.0813691980847086,Normal
P0251,West Industrial Project 251,Road & Infrastructure,"Amherst, NY",Medium,6795057.3,7210836.130000001,0.7646666666666666,2.698666666666667,22.73,415778.830000001,6.118842147217817,1,0.11601871731252178,Normal
P0252,Central Commercial Project 252,Residential Development,"Clarence, NY",Low,992389.73,1044521.39,1.4053333333333333,3.2893333333333334,23.05,52131.66000000003,5.253143842994025,1,0.1347237495895383,Normal
P0253,Central Road Project 253,Warehouse Development,"Buffalo, NY",Medium,5677830.2,6028245.33,4.5,3.655333333333333,52.02,350415.1299999999,6.171638066950292,1,0.10756217019051323,Normal
P0254,South Commercial Project 254,Road & Infrastructure,"Hamburg, NY",High,1216917.42,1248488.8900000001,0.8586666666666667,2.7060000000000004,12.1,31571.470000000205,2.594380644168953,1,0.04035350523682224,Normal
P0255,South Municipal Project 255,Road & Infrastructure,"Amherst, NY",Medium,8433523.959999999,8753070.94,0.32533333333333314,4.852,19.66,319546.98000000045,3.7890089779267133,-1,-0.0070728422483682385,Anomaly
P0256,South Industrial Project 256,Commercial Sitework,"Clarence, NY",High,3312421.37,3542559.1900000004,5.4446666666666665,4.6419999999999995,52.65,230137.8200000003,6.947721750750578,1,0.10245115333712113,Normal
P0257,South Commercial Project 257,Road & Infrastructure,"Buffalo, NY",Medium,2099818.72,2278088.86,4.4159999999999995,1.7293333333333332,33.33,178270.13999999966,8.489787156483663,1,0.12592393701257726,Normal
P0258,South Commercial Project 258,Commercial Sitework,"Buffalo, NY",Medium,9695140.77,10256309.06,2.541333333333333,2.556,40.92,561168.290000001,5.78813968061653,1,0.15186466807420523,Normal
P0259,West Municipal Project 259,Municipal Improvement,"Hamburg, NY",High,1281448.34,1424901.3800000001,4.473333333333333,3.3333333333333335,20.63,143453.04000000004,11.194601883053673,1,0.11305764393462148,Normal
P0260,North Warehouse Project 260,Residential Development,"Williamsville, NY",Low,7700021.67,8255983.649999999,1.782,1.9833333333333334,23.21,555961.9799999995,7.220265134656427,1,0.12359494059978643,Normal
P0261,North Commercial Project 261,Commercial Sitework,"Lancaster, NY",Medium,5496177.54,6025105.18,3.253333333333333,2.9286666666666665,37.31,528927.6399999997,9.623554482193814,1,0.1572141056855531,Normal
P0262,East Road Project 262,Warehouse Development,"Cheektowaga, NY",Low,9221904.42,10920586.17,10.996666666666666,5.009333333333333,45.64,1698681.75,18.420075427326974,-1,-0.005085153657027552,Anomaly
P0263,Central Commercial Project 263,Residential Development,"Amherst, NY",High,7276874.08,7679345.7,0.736,2.817333333333333,26.41,402471.6200000001,5.53083117249708,1,0.1256659387184944,Normal
P0264,South Warehouse Project 264,Commercial Sitework,"Buffalo, NY",High,3598655.89,3910848.58,5.076,2.6373333333333333,44.05,312192.68999999994,8.675258194803392,1,0.16847065248628273,Normal
P0265,South Industrial Project 265,Residential Development,"Amherst, NY",Low,4955160.53,5388034.63,4.554,4.237333333333334,45.94,432874.0999999996,8.735823943124595,1,0.149474176048151,Normal
P0266,North Commercial Project 266,Residential Development,"Lancaster, NY",Medium,8340044.97,9263565.56,5.435333333333333,3.848666666666667,44.3,923520.5900000008,11.073328660960454,1,0.16330997440971778,Normal
P0267,North Commercial Project 267,Residential Development,"Cheektowaga, NY",High,9515740.68,10422926.57,6.6819999999999995,2.8586666666666667,27.35,907185.8900000006,9.533528923362807,1,0.13954965493858956,Normal
P0268,Central Commercial Project 268,Municipal Improvement,"Lancaster, NY",Low,6496237.46,7338484.05,5.736666666666666,2.3333333333333335,31.66,842246.5899999999,12.965144750112012,1,0.10570514795356944,Normal
P0269,Central Road Project 269,Warehouse Development,"Cheektowaga, NY",Medium,9411795.89,10329406.27,6.524666666666667,1.5333333333333334,24.08,917610.379999999,9.749577984101384,1,0.08522098796153721,Normal
P0270,North Municipal Project 270,Industrial Site,"Tonawanda, NY",High,1665638.67,1848020.81,5.22,2.6013333333333337,42.5,182382.14000000013,10.949682142045859,1,0.15983856092252796,Normal
P0271,West Industrial Project 271,Industrial Site,"Cheektowaga, NY",Low,2418022.87,2705133.59,3.7093333333333334,2.3666666666666667,33.58,287110.71999999974,11.873780168175156,1,0.11758945548577127,Normal
P0272,Central Warehouse Project 272,Commercial Sitework,"Hamburg, NY",Medium,1618295.88,1689653.27,1.954,1.6159999999999999,37.57,71357.39000000013,4.409415539017509,1,0.11156569546140521,Normal
P0273,East Industrial Project 273,Residential Development,"Williamsville, NY",Low,9131330.049999999,9795096.98,2.756,2.42,25.36,663766.9300000016,7.269115521675855,1,0.15325943561238653,Normal
P0274,South Road Project 274,Commercial Sitework,"Lancaster, NY",High,7500865.09,7850879.699999999,2.243333333333333,3.7760000000000002,14.54,350014.6099999994,4.666323228058477,1,0.0792058247574351,Normal
P0275,North Municipal Project 275,Municipal Improvement,"Buffalo, NY",High,10079098.97,10649558.38,2.552,3.0853333333333333,29.45,570459.4100000001,5.65982546354538,1,0.15504024139011735,Normal
P0276,Central Municipal Project 276,Municipal Improvement,"Hamburg, NY",High,1797701.81,2144186.58,7.118666666666667,5.048,51.99,346484.77,19.273762092946882,1,0.025830755628711732,Normal
P0277,North Commercial Project 277,Road & Infrastructure,"Tonawanda, NY",Medium,8193449.7299999995,8500594.76,1.4133333333333333,3.4746666666666663,13.88,307145.03000000026,3.7486655819147896,1,0.07267635638899589,Normal
P0278,Central Commercial Project 278,Municipal Improvement,"Williamsville, NY",High,16893614.32,18608251.31,5.378666666666667,4.490666666666667,48.93,1714636.9899999984,10.149616047349177,1,0.1442997515021739,Normal
P0279,West Industrial Project 279,Road & Infrastructure,"Amherst, NY",High,19475719.55,20579135.009999998,2.820666666666667,3.5406666666666666,26.36,1103415.4599999972,5.665595343818746,1,0.15462735507006764,Normal
P0280,Central Municipal Project 280,Warehouse Development,"Hamburg, NY",Low,8460333.94,9167186.17,2.82,2.722,33.33,706852.2300000004,8.35489751365536,1,0.14724640919944337,Normal
P0281,West Road Project 281,Commercial Sitework,"Lancaster, NY",High,15762852.08,18163949.88,6.024666666666667,3.298666666666667,48.34,2401097.799999999,15.232635488894337,1,0.1132865526402802,Normal
P0282,North Commercial Project 282,Warehouse Development,"Clarence, NY",Low,3658478.57,3940133.96,5.888666666666667,3.1986666666666665,65.68,281655.39000000013,7.698702742435365,1,0.025970081019312308,Normal
P0283,North Commercial Project 283,Municipal Improvement,"Clarence, NY",Medium,1017974.09,1126185.52,5.410666666666667,2.102,39.44,108211.43000000005,10.630077038601254,1,0.13559011871086912,Normal
P0284,East Warehouse Project 284,Warehouse Development,"Buffalo, NY",Low,9170466.1,10651743.959999999,5.433333333333334,5.492666666666667,45.96,1481277.8599999994,16.152699806610695,1,0.04883191191813607,Normal
P0285,South Municipal Project 285,Warehouse Development,"Cheektowaga, NY",Low,11180337.42,12200211.33,3.872,4.48,31.63,1019873.9100000001,9.122031578184696,1,0.1304118082111314,Normal
P0286,East Industrial Project 286,Warehouse Development,"Buffalo, NY",Low,3462687.23,3740790.06,6.120666666666667,3.6586666666666665,44.58,278102.8300000001,8.031416397951716,1,0.15769242866156763,Normal
P0287,South Commercial Project 287,Municipal Improvement,"Clarence, NY",Medium,1173116.97,1209634.9,1.2013333333333336,2.5433333333333334,14.64,36517.929999999935,3.112897599631513,1,0.08153082369703396,Normal
P0288,East Road Project 288,Residential Development,"Amherst, NY",Low,2669199.74,2835471.18,1.5546666666666664,2.8926666666666665,22.2,166271.43999999994,6.229261808634821,1,0.13956617078083577,Normal
P0289,South Industrial Project 289,Warehouse Development,"Tonawanda, NY",Medium,6029510.01,6398750.27,0.9926666666666667,3.466,24.99,369240.2599999998,6.123885015326474,1,0.12325503640567087,Normal
P0290,West Road Project 290,Road & Infrastructure,"Tonawanda, NY",Low,9303410.25,9770115.5,3.221333333333334,2.044,24.67,466705.25,5.0164965046016325,1,0.14548001336612515,Normal
P0291,Central Industrial Project 291,Municipal Improvement,"Lancaster, NY",Low,3331936.15,3648219.93,5.605333333333334,2.1013333333333333,32.21,316283.78000000026,9.49249222557882,1,0.13526785467975894,Normal
P0292,North Warehouse Project 292,Warehouse Development,"Tonawanda, NY",Medium,2218837.89,2499290.4699999997,5.074,3.0906666666666665,31.68,280452.5799999996,12.639615596252488,1,0.13202997261845617,Normal
P0293,Central Industrial Project 293,Residential Development,"Lancaster, NY",Medium,3459880.35,3617490.79,3.707333333333333,3.649333333333333,52.3,157610.43999999994,4.5553725578978455,1,0.0841434028842683,Normal
P0294,Central Warehouse Project 294,Municipal Improvement,"Hamburg, NY",Low,6131451.9799999995,7097792.25,6.164666666666666,4.289333333333333,49.11,966340.2700000005,15.760382257776412,1,0.11005100295398296,Normal
P0295,West Municipal Project 295,Industrial Site,"Lancaster, NY",Medium,3271870.05,3787870.98,5.942666666666667,4.468666666666667,40.11,516000.93000000017,15.770825922624898,1,0.10466768598044784,Normal
P0296,South Warehouse Project 296,Residential Development,"Hamburg, NY",High,15177170.459999999,16795346.61,8.640666666666668,4.589333333333333,46.78,1618176.1500000004,10.661909308225564,1,0.11393323731713245,Normal
P0297,East Municipal Project 297,Road & Infrastructure,"Lancaster, NY",Medium,10583788.66,11750368.15,8.071333333333333,4.256,44.24,1166579.4900000002,11.022324117344953,1,0.13419536527951786,Normal
P0298,Central Road Project 298,Warehouse Development,"Clarence, NY",Low,10653767.49,11799191.93,5.6080000000000005,4.6,34.26,1145424.4399999995,10.751355715948701,1,0.13986084347109767,Normal
P0299,East Road Project 299,Industrial Site,"Clarence, NY",Low,6253600.109999999,6842646.34,6.319333333333333,4.077333333333334,50.06,589046.2300000004,9.419313989362209,1,0.1452325825876712,Normal
P0300,West Commercial Project 300,Industrial Site,"Cheektowaga, NY",High,2800340.29,2965994.59,5.267333333333334,2.5513333333333335,38.56,165654.2999999998,5.915506075870508,1,0.16614047754352834,Normal
